English,ఆంగ్ల
as,as
I,I
his,తన
that,ఆ
he,అతను
was,ఉంది
for,కోసం
on,పై
are,ఉన్నాయి
with,తో
they,వాళ్ళు
be,ఉండండి
at,వద్ద
one,ఒకటి
have,కలిగి
this,ఇది
from,నుండి
by,ద్వారా
hot,వేడి
word,పదం
but,కానీ
what,ఏమి
some,కొన్ని
is,ఉంది
it,అది
you,మీరు
or,లేదా
had,కలిగి
the,ది
of,యొక్క
to,to
and,మరియు
a,ఎ
in,ఇన్
we,మేము
can,కెన్
out,అవుట్
other,ఇతర
were,ఉన్నారు
which,ఇది
do,చేయండి
their,వారి
time,సమయం
if,ఉంటే
will,విల్
how,ఎలా
said,అన్నారు
an,ఒక
each,ప్రతి
,
tell,చెప్పండి
does,చేస్తుంది
set,సెట్
three,మూడు
want,కావాలి
air,గాలి
well,బాగా
also,అలాగే
play,ఆడండి
small,చిన్నది
end,ముగింపు
put,పుట్
home,హోమ్
read,చదవండి
hand,చెయ్యి
port,పోర్ట్
large,పెద్దది
spell,స్పెల్
add,జోడించు
even,కూడా
land,భూమి
here,ఇక్కడ
must,తప్పక
big,పెద్దది
high,అధిక
such,అలాంటిది
follow,అనుసరించండి
act,చట్టం
why,ఎందుకు
ask,అడగండి
men,పురుషులు
change,మార్పు
went,వెళ్లిన
light,కాంతి
kind,రకం
off,ఆఫ్
need,అవసరం
house,ఇల్లు
picture,చిత్రం
try,ప్రయత్నించండి
us,మాకు
again,మళ్ళీ
animal,జంతువు
point,పాయింట్
mother,తల్లి
world,ప్రపంచం
near,సమీపంలో
build,బిల్డ్
self,స్వీయ
earth,భూమి
father,తండ్రి
any,ఏదైనా
new,క్రొత్తది
work,పని
part,భాగం
take,తీసుకోవడం
get,పొందండి
place,స్థలం
made,తయారు చేయబడింది
live,లైవ్
where,ఎక్కడ
after,తరువాత
back,తిరిగి
little,చిన్నది
only,మాత్రమే
round,రౌండ్
man,మనిషి
year,సంవత్సరం
came,వచ్చింది
show,చూపించు
every,ప్రతి
good,మంచిది
me,నేను
give,ఇవ్వండి
our,మా
under,కింద
name,పేరు
very,చాలా
through,ద్వారా
just,కేవలం
form,రూపం
sentence,వాక్యం
great,గొప్పది
think,ఆలోచించండి
say,చెప్పండి
help,సహాయం
low,తక్కువ
line,లైన్
differ,తేడా
turn,మలుపు
cause,కారణం
much,చాలా
mean,అర్థం
before,ముందు
move,కదలిక
right,కుడి
boy,అబ్బాయి
old,పాత
,
too,చాలా
same,అదే
she,ఆమె
all,అన్నీ
there,అక్కడ
when,ఎప్పుడు
up,అప్
use,వా డు
your,మీ
way,మార్గం
about,గురించి
many,చాలా
then,అప్పుడు
them,వాటిని
write,వ్రాయడానికి
would,చేస్తుంది
like,ఇష్టం
so,కాబట్టి
these,ఇవి
her,ఆమె
long,పొడవు
make,చేయండి
thing,విషయం
see,చూడండి
him,ఆయన
two,రెండు
has,కలిగి
look,చూడండి
more,మరింత
day,రోజు
could,చేయగలిగింది
go,వెళ్ళండి
come,రండి
did,చేసింది
number,సంఖ్య
sound,ధ్వని
no,లేదు
most,అత్యంత
people,ప్రజలు
my,నా
over,ఓవర్
know,తెలుసు
water,నీటి
than,కంటే
call,కాల్
first,ప్రధమ
who,WHO
may,మే
down,డౌన్
side,వైపు
been,ఉంది
now,ఇప్పుడు
find,కనుగొనండి
head,తల
stand,స్టాండ్
own,సొంత
page,పేజీ
should,తప్పక
country,దేశం
found,కనుగొన్నారు
answer,సమాధానం
school,పాఠశాల
grow,పెరుగు
study,అధ్యయనం
still,ఇప్పటికీ
learn,నేర్చుకోండి
plant,మొక్క
cover,కవర్
food,ఆహారం
sun,సూర్యుడు
four,నాలుగు
between,మధ్య
state,రాష్ట్రం
keep,ఉంచండి
eye,కంటి
never,ఎప్పుడూ
last,చివరిది
let,వీలు
thought,ఆలోచన
city,నగరం
tree,చెట్టు
cross,క్రాస్
farm,పొలం
hard,హార్డ్
start,ప్రారంభించండి
might,ఉండవచ్చు
story,కథ
saw,చూసింది
far,దురముగా
sea,సముద్రం
draw,డ్రా
left,ఎడమ
late,ఆలస్యం
run,రన్
don’t,చేయవద్దు
while,అయితే
press,నొక్కండి
close,దగ్గరగా
night,రాత్రి
real,నిజమైన
life,జీవితం
few,కొన్ని
north,ఉత్తరం
book,పుస్తకం
carry,క్యారీ
took,టేక్
science,సైన్స్
eat,తినండి
room,గది
friend,స్నేహితుడు
began,ప్రారంభమైంది
idea,ఆలోచన
fish,చేప
mountain,పర్వతం
stop,ఆపు
once,ఒకసారి
base,బేస్
hear,వినండి
horse,గుర్రం
cut,కట్
sure,ఖచ్చితంగా
watch,చూడండి
color,రంగు
face,ముఖం
wood,కలప
main,ప్రధాన
open,ఓపెన్
seem,అనిపిస్తుంది
together,కలిసి
next,తరువాత
white,తెలుపు
children,పిల్లలు
begin,ప్రారంభించండి
got,వచ్చింది
walk,నడక
example,ఉదాహరణ
ease,సులభం
paper,కాగితం
group,సమూహం
always,ఎల్లప్పుడూ
music,సంగీతం
those,అవి
both,రెండు
mark,మార్క్
often,తరచుగా
letter,లేఖ
until,వరకు
mile,మైలు
river,నది
car,కారు
feet,అడుగులు
care,సంరక్షణ
second,రెండవ
enough,చాలు
plain,సాదా
girl,అమ్మాయి
usual,సాధారణం
young,యంగ్
ready,సిద్ధంగా ఉంది
above,పైన
ever,ఎప్పుడూ
red,ఎరుపు
list,జాబితా
though,అయితే
feel,అనుభూతి
talk,చర్చ
bird,పక్షి
soon,త్వరలో
body,శరీరం
dog,కుక్క
family,కుటుంబం
direct,డైరెక్ట్
pose,భంగిమ
leave,వదిలి
song,పాట
measure,కొలత
door,తలుపు
product,ఉత్పత్తి
black,నలుపు
short,చిన్నది
numeral,సంఖ్య
class,తరగతి
wind,గాలి
question,ప్రశ్న
happen,జరుగుతుంది
complete,పూర్తి
ship,ఓడ
area,ప్రాంతం
half,సగం
rock,రాక్
order,ఆర్డర్
fire,అగ్ని
south,దక్షిణ
problem,సమస్య
piece,ముక్క
told,చెప్పారు
knew,తెలుసు
pass,పాస్
since,నుండి
top,పైభాగం
whole,మొత్తం
king,రాజు
street,వీధి
inch,అంగుళం
multiply,గుణించాలి
nothing,ఏమిలేదు
course,కోర్సు
stay,ఉండండి
wheel,చక్రం
full,పూర్తి
force,ఫోర్స్
blue,నీలం
object,వస్తువు
decide,నిర్ణయించండి
surface,ఉపరితల
deep,లోతైన
moon,చంద్రుడు
island,ద్వీపం
foot,పాదం
system,వ్యవస్థ
busy,బిజీగా
test,పరీక్ష
record,రికార్డ్
boat,పడవ
common,సాధారణం
gold,బంగారం
possible,సాధ్యమే
plane,విమానం
stead,స్టెడ్
dry,పొడిగా
wonder,వండర్
laugh,నవ్వు
thousand,వెయ్యి
ago,క్రితం
ran,పరిగెడుతూ
check,తనిఖీ
game,ఆట
shape,ఆకారం
equate,సమానం
hot,వేడి
miss,మిస్
brought,తీసుకువచ్చారు
heat,వేడి
snow,మంచు
tire,టైర్
bring,తీసుకురండి
yes,అవును
distant,దూరమైన
fill,పూరించండి
east,తూర్పు
paint,పెయింట్
language,భాష
among,మధ్య
unit,యూనిట్
power,శక్తి
town,పట్టణం
fine,మంచిది
certain,ఖచ్చితంగా
fly,ఎగురు
fall,పతనం
lead,సీసం
cry,కేకలు
dark,చీకటి
machine,యంత్రం
note,గమనిక
wait,వేచి ఉండండి
plan,ప్రణాళిక
figure,మూర్తి
star,స్టార్
box,బాక్స్
noun,నామవాచకం
field,ఫీల్డ్
rest,విశ్రాంతి
correct,సరైన
able,సామర్థ్యం
pound,పౌండ్
done,పూర్తి
beauty,అందం
drive,డ్రైవ్
stood,నిలబడి
contain,కలిగి
front,ముందు
teach,బోధించండి
week,వారం
final,చివరి
gave,ఇచ్చారు
green,ఆకుపచ్చ
oh,ఓహ్
quick,శీఘ్ర
develop,అభివృద్ధి
ocean,సముద్ర
warm,వెచ్చని
free,ఉచితం
minute,నిమిషం
strong,స్ట్రాంగ్
special,ప్రత్యేక
mind,మనస్సు
behind,వెనుక
clear,క్లియర్
tail,తోక
produce,ఉత్పత్తి
fact,వాస్తవం
space,స్థలం
heard,విన్నది
best,ఉత్తమమైనది
hour,గంట
better,మంచి
TRUE,నిజం
during,సమయంలో
hundred,వంద
five,ఐదు
remember,గుర్తుంచుకోండి
step,దశ
early,ప్రారంభంలో
hold,పట్టుకోండి
west,పడమర
ground,గ్రౌండ్
interest,వడ్డీ
reach,చేరుకోండి
fast,వేగంగా
verb,క్రియ
sing,పాడండి
listen,వినండి
six,ఆరు
table,పట్టిక
travel,ప్రయాణం
less,తక్కువ
morning,ఉదయం
ten,పది
simple,సాధారణ
several,అనేక
vowel,అచ్చు
toward,వైపు
war,యుద్ధం
lay,లే
against,వ్యతిరేకంగా
pattern,నమూనా
slow,నెమ్మదిగా
center,కేంద్రం
love,ప్రేమ
person,వ్యక్తి
money,డబ్బు
serve,అందజేయడం
appear,కనిపిస్తుంది
road,త్రోవ
map,మ్యాప్
rain,వర్షం
rule,నియమం
govern,పరిపాలన
pull,లాగండి
cold,చలి
notice,నోటీసు
voice,వాయిస్
energy,శక్తి